<?xml version="1.0" encoding="UTF-8"?>
<project-private xmlns="http://www.netbeans.org/ns/project-private/1">
    <editor-bookmarks xmlns="http://www.netbeans.org/ns/editor-bookmarks/2" lastBookmarkId="0"/>
    <open-files xmlns="http://www.netbeans.org/ns/projectui-open-files/2">
        <group>
            <file>file:/C:/Users/cs/Documents/GitHub/KMATGit/KMATProject/src/java/controller/InsertToolController.java</file>
            <file>file:/C:/Users/cs/Documents/GitHub/KMATGit/KMATProject/src/java/model/ToolDAO.java</file>
            <file>file:/C:/Users/cs/Documents/GitHub/KMATGit/KMATProject/web/WEB-INF/web.xml</file>
            <file>file:/C:/Users/cs/Documents/GitHub/KMATGit/KMATProject/src/java/controller/InsertResourceController.java</file>
            <file>file:/C:/Users/cs/Documents/GitHub/KMATGit/KMATProject/src/java/model/ToolBean.java</file>
            <file>file:/C:/Users/cs/Documents/GitHub/KMATGit/KMATProject/web/WEB-INF/view/AddTool.jsp</file>
        </group>
    </open-files>
</project-private>
